pix64,count,pix64_group
27258,1094,272
27256,808,272
35935,698,359
16713,532,167
10513,499,105
10312,491,103
27259,434,272
10516,432,105
9147,421,91
34534,408,345
9150,352,91
16715,349,167
34535,334,345
10515,320,105
17690,309,176
10512,305,105
21438,301,214
10313,297,103
10306,282,103
4804,268,48
27773,267,277
45984,256,459
27765,250,277
27767,239,277
40809,232,408
27718,226,277
17472,225,174
17237,211,172
9146,209,91
27719,197,277
8195,192,81
10307,186,103
9145,182,91
38973,181,389
27257,165,272
28495,163,284
2155,156,21
8339,152,83
17772,149,177
4801,146,48
34104,146,341
25083,146,250
10378,144,103
27936,144,279
25919,144,259
8196,144,81
18795,142,187
18790,142,187
20657,141,206
17679,141,176
34443,139,344
25981,137,259
16712,132,167
26313,131,263
39077,129,390
10379,129,103
26005,129,260
27245,128,272
27730,127,277
27440,126,274
9151,126,91
36231,125,362
36247,124,362
28430,124,284
46424,124,464
27515,123,275
28221,123,282
35576,122,355
28448,121,284
26189,121,261
10400,120,104
17699,119,176
43262,119,432
22915,118,229
2564,117,25
22972,117,229
46174,116,461
25852,115,258
28149,115,281
49125,114,491
24733,114,247
35390,112,353
40777,112,407
9354,112,93
27938,112,279
10391,111,103
34533,111,345
33692,109,336
17688,108,176
18779,108,187
9168,108,91
24897,106,248
46101,106,461
46169,105,461
17692,105,176
45446,105,454
18683,105,186
33306,105,333
33905,104,339
46491,104,464
39043,104,390
16486,103,164
16702,103,167
38926,102,389
19935,101,199
17767,100,177
17622,99,176
33295,98,332
26316,98,263
17713,98,177
27736,97,277
36258,97,362
26990,97,269
18096,97,180
35473,97,354
27913,97,279
4698,96,46
38868,95,388
33297,95,332
19097,95,190
28045,95,280
28535,94,285
25344,94,253
16714,94,167
43838,94,438
28497,94,284
27714,94,277
34954,93,349
27914,93,279
19036,93,190
8220,93,82
26803,92,268
28086,92,280
23451,92,234
26951,92,269
25682,92,256
26239,92,262
4718,91,47
8338,91,83
25451,90,254
35770,90,357
18791,90,187
10401,90,104
25675,90,256
34793,90,347
34471,89,344
21436,89,214
18968,89,189
4298,89,42
19432,88,194
17222,87,172
24735,87,247
33644,87,336
26125,87,261
33921,87,339
17689,86,176
6337,86,63
46153,86,461
22607,86,226
9144,86,91
16952,85,169
16953,85,169
10517,85,105
48966,85,489
10518,84,105
8693,84,86
25102,84,251
43945,84,439
35536,83,355
46987,83,469
9343,83,93
23296,82,232
33534,82,335
28174,82,281
35043,81,350
35218,81,352
8345,81,83
5018,81,50
4206,81,42
23349,80,233
27318,80,273
33713,80,337
26037,79,260
18789,79,187
35957,79,359
27907,79,279
46323,79,463
46273,78,462
25946,78,259
46402,78,464
4181,78,41
32545,77,325
16410,77,164
33328,77,333
17492,77,174
21016,77,210
18398,76,183
27247,76,272
39079,76,390
8909,76,89
19089,75,190
19905,75,199
17141,75,171
19033,75,190
40890,75,408
26916,75,269
28249,75,282
17769,75,177
31332,75,313
27652,74,276
12597,74,125
17686,74,176
46494,74,464
23178,74,231
22746,74,227
43977,74,439
31537,74,315
19283,73,192
43503,73,435
34139,73,341
28574,73,285
8707,73,87
46549,73,465
8555,73,85
46474,72,464
8969,72,89
18411,72,184
36081,72,360
43837,72,438
45044,72,450
24759,72,247
44563,72,445
28555,71,285
16506,71,165
35696,71,356
27604,71,276
4215,71,42
17860,70,178
39067,70,390
24951,70,249
46368,70,463
34701,70,347
35055,70,350
28356,69,283
20481,69,204
22581,69,225
32503,69,325
19343,69,193
27428,69,274
33648,69,336
25603,69,256
36785,69,367
30946,69,309
27861,69,278
46642,68,466
18534,68,185
33304,68,333
26858,68,268
8733,68,87
36131,68,361
18017,68,180
33598,67,335
8264,67,82
33980,67,339
27764,67,277
17406,67,174
9428,67,94
27237,67,272
27742,67,277
26785,66,267
34978,66,349
10387,66,103
26317,66,263
45537,65,455
4964,65,49
46170,65,461
36098,65,360
17840,65,178
35396,65,353
16609,65,166
17438,65,174
43627,65,436
4285,64,42
18367,64,183
10371,64,103
34796,64,347
47960,64,479
46345,64,463
46889,64,468
33730,64,337
8972,64,89
47375,64,473
46120,63,461
16441,63,164
27946,63,279
43444,63,434
2251,63,22
35746,63,357
17385,63,173
16882,63,168
35342,63,353
46132,63,461
25540,63,255
28123,63,281
18935,63,189
36107,63,361
33912,63,339
9476,63,94
25100,63,251
45867,63,458
21134,62,211
12693,62,126
19327,62,193
47386,62,473
46202,62,462
28033,62,280
34002,62,340
28251,62,282
46137,62,461
46154,62,461
46582,62,465
18668,62,186
19846,62,198
43835,62,438
25245,61,252
18800,61,188
27735,61,277
43874,61,438
23205,61,232
46194,61,461
25669,60,256
48501,60,485
36547,60,365
23339,60,233
27580,60,275
18123,60,181
18063,60,180
8675,60,86
19321,60,193
33917,60,339
28479,60,284
25188,60,251
35001,60,350
19216,60,192
33193,60,331
22751,59,227
22661,59,226
23306,59,233
28220,59,282
35032,59,350
44697,59,446
31158,59,311
4966,59,49
20536,59,205
18065,59,180
27872,59,278
27962,58,279
26208,58,262
18784,58,187
27918,58,279
35934,58,359
47454,58,474
25769,58,257
34264,58,342
25934,57,259
18011,57,180
28184,57,281
34159,57,341
4965,57,49
48489,57,484
34726,57,347
37429,57,374
27030,57,270
48174,57,481
33783,57,337
25990,57,259
9148,57,91
22007,57,220
26276,57,262
24,57,0
4808,56,48
27738,56,277
46168,56,461
19042,56,190
2227,56,22
9272,56,92
34059,56,340
26022,56,260
46237,56,462
27009,56,270
43784,55,437
17662,55,176
44247,55,442
46083,55,460
33968,55,339
48193,55,481
33990,55,339
46005,55,460
35003,55,350
27743,55,277
26338,54,263
45873,54,458
39561,54,395
32500,54,325
8537,54,85
47013,54,470
17752,54,177
45981,54,459
17819,54,178
46442,54,464
39428,54,394
43626,54,436
33999,54,339
35476,54,354
46571,53,465
5142,53,51
8724,53,87
18796,53,187
27728,53,277
26209,52,262
12425,52,124
16703,52,167
35691,52,356
43948,52,439
25972,52,259
16589,52,165
34088,52,340
31333,52,313
18757,52,187
25942,52,259
30039,52,300
34416,51,344
9052,51,90
36427,51,364
5305,51,53
4361,51,43
35387,51,353
45564,51,455
8193,51,81
26693,51,266
33878,51,338
31898,51,318
20507,51,205
43227,51,432
46398,51,463
34512,50,345
22959,50,229
16434,50,164
34326,50,343
16591,50,165
46479,50,464
46399,50,463
8845,50,88
47168,50,471
45829,50,458
29730,50,297
24943,50,249
17754,50,177
36142,50,361
31509,50,315
26177,50,261
8526,50,85
34008,50,340
24913,50,249
24740,50,247
21043,49,210
44718,49,447
22722,49,227
36089,49,360
43934,49,439
8268,49,82
46660,49,466
4139,49,41
17171,49,171
5171,49,51
28141,49,281
47430,49,474
8288,49,82
36082,49,360
44454,49,444
23078,49,230
26472,49,264
38347,49,383
17239,49,172
24765,49,247
36838,49,368
25683,49,256
4448,48,44
33580,48,335
28452,48,284
22771,48,227
13401,48,134
9287,48,92
43846,48,438
4775,48,47
28516,48,285
10302,48,103
35829,48,358
17850,48,178
33265,47,332
25391,47,253
17749,47,177
12642,47,126
17499,47,174
2186,47,21
18009,47,180
28022,47,280
35041,47,350
28376,47,283
18895,47,188
18024,47,180
18741,47,187
27731,47,277
19456,46,194
23324,46,233
10514,46,105
31730,46,317
18016,46,180
33956,46,339
36460,46,364
36863,46,368
4512,46,45
34668,46,346
26274,46,262
23215,46,232
27862,46,278
47043,46,470
26563,46,265
48423,46,484
27227,46,272
22577,46,225
12553,45,125
25677,45,256
27944,45,279
16755,45,167
38821,45,388
46353,45,463
26180,45,261
28548,45,285
18923,45,189
20292,45,202
19946,45,199
36172,45,361
45962,45,459
27466,45,274
28032,45,280
44125,45,441
27075,45,270
27945,45,279
4352,45,43
4924,45,49
4341,45,43
19376,45,193
46048,45,460
35570,45,355
25561,45,255
24949,45,249
31670,45,316
33758,45,337
25055,45,250
18328,45,183
33289,44,332
18111,44,181
10411,44,104
4178,44,41
18762,44,187
17712,44,177
5130,44,51
27382,44,273
34181,44,341
43898,44,438
33126,44,331
10376,44,103
35121,44,351
33735,44,337
22735,44,227
8552,44,85
19848,44,198
23173,44,231
34463,43,344
4955,43,49
27798,43,277
9321,43,93
17980,43,179
33657,43,336
19661,43,196
9077,43,90
45748,43,457
17745,43,177
25166,43,251
45883,43,458
33520,43,335
17816,43,178
27514,43,275
40776,43,407
26427,43,264
34503,43,345
36242,43,362
33330,43,333
49012,43,490
27948,43,279
17497,42,174
37294,42,372
34699,42,346
10413,42,104
34186,42,341
4450,42,44
26459,42,264
38928,42,389
26404,42,264
18642,42,186
20325,42,203
46477,42,464
34273,42,342
32960,42,329
45633,42,456
9050,41,90
47188,41,471
28237,41,282
17618,41,176
5241,41,52
35382,41,353
4241,41,42
36048,41,360
35310,41,353
21169,41,211
18878,41,188
31546,41,315
17793,41,177
27458,41,274
28379,41,283
27740,41,277
28019,41,280
20021,41,200
12336,41,123
20083,41,200
17192,41,171
27915,41,279
17105,41,171
18894,40,188
18005,40,180
46171,40,461
10345,40,103
17411,40,174
13314,40,133
46178,40,461
47053,40,470
19314,40,193
25334,40,253
35759,40,357
17641,40,176
44152,40,441
25965,40,259
17716,40,177
13362,40,133
17773,40,177
18081,40,180
25950,40,259
21439,40,214
4690,40,46
19887,40,198
49023,40,490
8673,40,86
35608,40,356
27387,40,273
39097,40,390
18746,39,187
26837,39,268
8921,39,89
2154,39,21
18209,39,182
18966,39,189
43715,39,437
4720,39,47
34745,39,347
35683,39,356
17921,39,179
33622,39,336
17300,39,173
25678,39,256
17691,39,176
17766,39,177
4897,39,48
33628,39,336
33275,39,332
2161,39,21
44255,39,442
26266,39,262
25302,39,253
23223,39,232
32,39,0
32379,39,323
19043,38,190
10761,38,107
26245,38,262
28350,38,283
36766,38,367
43956,38,439
27654,38,276
20191,38,201
28359,38,283
5051,38,50
25594,38,255
43501,38,435
39044,38,390
44429,38,444
19451,38,194
25938,38,259
16480,38,164
46108,38,461
18269,38,182
17623,38,176
27314,38,273
17704,38,177
43925,38,439
4719,38,47
27487,38,274
49053,38,490
4511,38,45
16543,37,165
16580,37,165
4255,37,42
28138,37,281
33711,37,337
33502,37,335
48715,37,487
47424,37,474
43841,37,438
19697,37,196
22955,37,229
27883,37,278
17849,37,178
33553,37,335
44713,37,447
16956,37,169
26975,37,269
48684,37,486
27825,37,278
37388,37,373
46079,37,460
26749,37,267
36006,37,360
43785,37,437
34324,37,343
33986,37,339
43263,37,432
42990,37,429
43836,37,438
18212,37,182
25336,37,253
23474,37,234
36617,37,366
33725,37,337
47217,37,472
40294,37,402
19458,36,194
18780,36,187
16868,36,168
22628,36,226
33764,36,337
33716,36,337
22690,36,226
23469,36,234
34121,36,341
35271,36,352
24912,36,249
34083,36,340
46510,36,465
10388,36,103
28488,36,284
26417,36,264
28489,36,284
46133,36,461
17119,36,171
22398,36,223
9363,36,93
8378,36,83
26955,36,269
45469,36,454
18003,36,180
18184,36,181
18176,36,181
26508,36,265
27343,36,273
12405,35,124
4410,35,44
46142,35,461
31407,35,314
19111,35,191
10321,35,103
27937,35,279
33627,35,336
26303,35,263
24582,35,245
45435,35,454
27344,35,273
36846,35,368
26809,35,268
5046,35,50
18060,35,180
8648,35,86
25768,35,257
17614,35,176
21971,35,219
18365,35,183
18019,35,180
23185,35,231
4447,35,44
34532,35,345
38946,34,389
16655,34,166
44791,34,447
5124,34,51
45914,34,459
46164,34,461
928,34,9
22772,34,227
24580,34,245
38852,34,388
19904,34,199
10442,34,104
22826,34,228
18865,34,188
5016,34,50
44094,34,440
16806,34,168
46340,34,463
27127,34,271
8225,34,82
19993,34,199
47397,34,473
40905,34,409
33470,34,334
8705,34,87
21873,34,218
18041,34,180
28517,34,285
36028,34,360
32693,34,326
34361,34,343
34035,34,340
48388,34,483
46130,33,461
8963,33,89
17667,33,176
25480,33,254
8229,33,82
28265,33,282
27261,33,272
40803,33,408
9135,33,91
34325,33,343
34360,33,343
35565,33,355
44947,33,449
21209,33,212
22622,33,226
34641,33,346
22828,33,228
26135,33,261
45305,33,453
46517,33,465
27646,33,276
19842,33,198
8557,33,85
27772,33,277
21215,33,212
47463,33,474
16641,33,166
27571,33,275
17429,33,174
9072,33,90
9036,33,90
40433,32,404
28293,32,282
48344,32,483
5283,32,52
20237,32,202
19325,32,193
31288,32,312
27304,32,273
20053,32,200
28167,32,281
26962,32,269
24734,32,247
40410,32,404
36261,32,362
27574,32,275
8506,32,85
46001,32,460
34901,32,349
39443,32,394
19045,32,190
28581,32,285
6220,32,62
26215,32,262
19220,32,192
26922,32,269
9024,32,90
20679,32,206
33570,32,335
19847,32,198
8404,32,84
19363,32,193
28521,32,285
46484,32,464
36621,32,366
13384,32,133
10271,32,102
48076,32,480
45526,31,455
33668,31,336
18155,31,181
45544,31,455
43677,31,436
17920,31,179
34683,31,346
34986,31,349
26361,31,263
10752,31,107
16787,31,167
19101,31,191
36194,31,361
28058,31,280
35147,31,351
28414,31,284
43706,31,437
17812,31,178
27713,31,277
9009,31,90
9401,31,94
17697,31,176
8458,31,84
16605,31,166
17450,31,174
27816,31,278
16492,31,164
4672,31,46
4406,31,44
36392,31,363
47050,31,470
26499,31,264
35210,31,352
4237,31,42
8912,31,89
26298,30,262
4976,30,49
31352,30,313
26596,30,265
33176,30,331
4213,30,42
22944,30,229
41310,30,413
17747,30,177
27727,30,277
5299,30,52
34312,30,343
27763,30,277
4943,30,49
31115,30,311
26470,30,264
35853,30,358
50,30,0
28059,30,280
34161,30,341
25597,30,255
27681,30,276
25670,30,256
34788,30,347
24853,30,248
33228,30,332
28226,30,282
34836,30,348
39086,30,390
39008,30,390
27804,30,278
28278,30,282
4121,30,41
4097,30,40
35895,30,358
28603,30,286
33649,30,336
28400,30,284
87,30,0
26946,30,269
9109,30,91
28377,30,283
48951,30,489
27486,30,274
28360,30,283
16661,30,166
5061,30,50
5067,30,50
27476,30,274
33321,30,333
8286,30,82
44301,29,443
24824,29,248
44673,29,446
20624,29,206
23384,29,233
47205,29,472
25647,29,256
21211,29,212
18071,29,180
16690,29,166
28538,29,285
39010,29,390
34184,29,341
33897,29,338
17829,29,178
36377,29,363
39046,29,390
17822,29,178
8271,29,82
34821,29,348
36595,29,365
17813,29,178
26336,29,263
27004,29,270
17469,29,174
46444,29,464
18671,29,186
33954,29,339
4124,29,41
27467,29,274
8198,29,81
8298,29,82
45055,29,450
44802,29,448
16836,29,168
17428,29,174
34343,29,343
31725,29,317
612,29,6
4850,29,48
24950,29,249
4276,29,42
20177,29,201
23366,29,233
27124,29,271
4104,29,41
34368,29,343
33235,29,332
27954,29,279
5281,29,52
43713,29,437
34461,29,344
19728,29,197
8914,29,89
27617,28,276
8282,28,82
27524,28,275
33718,28,337
44554,28,445
17487,28,174
17307,28,173
47078,28,470
28245,28,282
18241,28,182
19087,28,190
49017,28,490
17827,28,178
10364,28,103
31316,28,313
8922,28,89
34165,28,341
24577,28,245
25595,28,255
27852,28,278
19461,28,194
8644,28,86
18841,28,188
46651,28,466
43809,28,438
27022,28,270
44671,28,446
17207,28,172
26594,28,265
24896,28,248
8995,28,89
43905,28,439
27724,28,277
28142,28,281
35420,28,354
26957,28,269
17809,28,178
764,28,7
46337,27,463
19556,27,195
35362,27,353
26028,27,260
34000,27,340
8906,27,89
37395,27,373
26469,27,264
6146,27,61
6252,27,62
31116,27,311
18858,27,188
46807,27,468
5223,27,52
34350,27,343
8520,27,85
48964,27,489
34087,27,340
4649,27,46
22960,27,229
153,27,1
26277,27,262
16656,27,166
34034,27,340
37012,27,370
3,27,0
34010,27,340
48478,27,484
17606,27,176
8788,27,87
27060,27,270
35950,27,359
24631,27,246
28471,27,284
17387,27,173
20095,27,200
4402,27,44
27595,27,275
26166,27,261
28143,27,281
27942,26,279
20342,26,203
20720,26,207
45491,26,454
48434,26,484
5165,26,51
29937,26,299
43718,26,437
46568,26,465
28529,26,285
18845,26,188
19566,26,195
28291,26,282
27045,26,270
17457,26,174
5063,26,50
23216,26,232
35808,26,358
18324,26,183
33741,26,337
33305,26,333
5010,26,50
18032,26,180
9003,26,90
10427,26,104
18258,26,182
35512,26,355
31487,26,314
46341,26,463
46800,26,468
28344,26,283
17872,26,178
34540,26,345
45732,26,457
27694,26,276
4952,26,49
26055,26,260
8364,26,83
35061,26,350
43830,26,438
28542,26,285
27420,26,274
22830,26,228
26217,26,262
19950,26,199
25397,26,253
18985,26,189
43736,26,437
27931,26,279
20646,26,206
9060,26,90
45894,26,458
26393,26,263
27174,26,271
21387,26,213
17899,26,178
21967,25,219
21905,25,219
28540,25,285
26374,25,263
19038,25,190
8507,25,85
18490,25,184
13574,25,135
27756,25,277
20355,25,203
27541,25,275
34099,25,340
32989,25,329
17535,25,175
10404,25,104
13370,25,133
17286,25,172
35039,25,350
4109,25,41
28393,25,283
28367,25,283
44354,25,443
18020,25,180
22580,25,225
23176,25,231
13465,25,134
25310,25,253
8970,25,89
27761,25,277
25008,25,250
43957,25,439
687,25,6
9403,25,94
8201,25,82
35725,25,357
45877,25,458
45904,25,459
26856,25,268
27248,25,272
33409,25,334
5306,25,53
24831,25,248
8262,25,82
46652,25,466
17993,25,179
26292,25,262
18366,25,183
9005,25,90
26225,25,262
4835,25,48
4806,25,48
24719,25,247
6243,25,62
6292,25,62
9267,25,92
8204,25,82
31406,25,314
9232,25,92
46911,25,469
10432,24,104
28035,24,280
28447,24,284
46172,24,461
26531,24,265
17806,24,178
25366,24,253
44502,24,445
26091,24,260
18773,24,187
19449,24,194
8895,24,88
30771,24,307
28429,24,284
24839,24,248
46924,24,469
43881,24,438
36497,24,364
46388,24,463
45076,24,450
18021,24,180
44226,24,442
12593,24,125
26770,24,267
34052,24,340
27710,24,277
5633,24,56
28428,24,284
27136,24,271
5059,24,50
36052,24,360
43966,24,439
36049,24,360
19864,24,198
47225,24,472
17252,24,172
4407,24,44
9762,24,97
33299,24,332
4350,24,43
36331,24,363
8619,24,86
18027,24,180
18387,24,183
17519,24,175
17985,24,179
19009,24,190
17564,24,175
33234,24,332
33945,24,339
18747,24,187
18200,24,182
28589,24,285
609,24,6
28015,24,280
27192,24,271
18473,23,184
22,23,0
4758,23,47
8440,23,84
27056,23,270
48500,23,485
4520,23,45
18809,23,188
12504,23,125
24855,23,248
4867,23,48
4279,23,42
23054,23,230
8695,23,86
25086,23,250
33861,23,338
32798,23,327
41014,23,410
19710,23,197
17672,23,176
27523,23,275
25065,23,250
33298,23,332
8950,23,89
932,23,9
35243,23,352
26196,23,261
33984,23,339
22916,23,229
22644,23,226
35180,23,351
27801,23,278
37003,23,370
2572,23,25
45387,23,453
18273,23,182
26254,23,262
33211,23,332
26242,23,262
48272,23,482
8915,23,89
22396,23,223
4748,23,47
8713,23,87
47434,23,474
29728,23,297
27417,23,274
8291,23,82
38850,23,388
48491,23,484
39658,23,396
43778,23,437
9037,23,90
33094,23,330
20707,23,207
26002,23,260
27223,23,272
26493,23,264
23052,23,230
20344,23,203
20238,23,202
19678,23,196
17303,22,173
20302,22,203
44894,22,448
27204,22,272
31379,22,313
35720,22,357
35548,22,355
25973,22,259
4324,22,43
8373,22,83
24581,22,245
17494,22,174
28306,22,283
26707,22,267
21877,22,218
33543,22,335
22970,22,229
26886,22,268
25953,22,259
19275,22,192
226,22,2
700,22,7
33894,22,338
36423,22,364
36031,22,360
27396,22,273
26324,22,263
34157,22,341
45823,22,458
36918,22,369
35569,22,355
21977,22,219
26956,22,269
18406,22,184
25097,22,250
2051,22,20
10464,22,104
10245,22,102
45432,22,454
17263,22,172
4378,22,43
26175,22,261
44812,22,448
28357,22,283
45543,22,455
46763,22,467
47080,22,470
36036,22,360
26344,22,263
16886,22,168
28370,22,283
13418,22,134
6258,22,62
46197,22,461
21916,22,219
20419,22,204
27232,22,272
8266,22,82
34174,22,341
27721,22,277
34839,21,348
34669,21,346
36618,21,366
25812,21,258
12396,21,123
46496,21,464
34025,21,340
27739,21,277
23214,21,232
39069,21,390
17862,21,178
45424,21,454
43389,21,433
28,21,0
22805,21,228
35227,21,352
39608,21,396
12554,21,125
20071,21,200
24920,21,249
24859,21,248
31536,21,315
33891,21,338
31518,21,315
28622,21,286
40279,21,402
35966,21,359
40988,21,409
8422,21,84
5233,21,52
8643,21,86
31461,21,314
18437,21,184
26753,21,267
35364,21,353
34170,21,341
20111,21,201
25084,21,250
10355,21,103
45233,21,452
33863,21,338
36125,21,361
34334,21,343
2111,21,21
36792,21,367
4613,21,46
33776,21,337
46180,21,461
38683,21,386
36188,21,361
27414,21,274
12567,21,125
27947,21,279
10281,21,102
36673,21,366
18475,21,184
23192,21,231
43704,21,437
46235,21,462
10501,21,105
6261,21,62
22792,21,227
43990,21,439
45607,21,456
46131,21,461
10252,21,102
2052,21,20
4574,21,45
19857,21,198
33123,21,331
34272,21,342
25330,21,253
27615,21,276
9366,21,93
27725,20,277
46811,20,468
26293,20,262
19895,20,198
19609,20,196
26811,20,268
48614,20,486
25406,20,254
17771,20,177
35108,20,351
26080,20,260
43938,20,439
39087,20,390
39472,20,394
47431,20,474
20358,20,203
20378,20,203
9242,20,92
26495,20,264
36010,20,360
41304,20,413
2187,20,21
27298,20,272
4780,20,47
6147,20,61
33923,20,339
33920,20,339
26906,20,269
18518,20,185
25979,20,259
19218,20,192
25131,20,251
27545,20,275
19,20,0
24885,20,248
33646,20,336
46348,20,463
19745,20,197
19542,20,195
4929,20,49
5634,20,56
26452,20,264
26555,20,265
31019,20,310
10348,20,103
47336,20,473
26234,20,262
48330,20,483
19026,20,190
8203,20,82
8997,20,89
30878,20,308
46016,20,460
28034,20,280
19204,20,192
44993,20,449
5048,20,50
4859,20,48
48595,20,485
19046,20,190
46712,20,467
25956,20,259
4765,20,47
17742,20,177
16707,20,167
35434,20,354
17975,20,179
5027,20,50
36106,20,361
25921,20,259
35623,20,356
26561,20,265
32459,20,324
20000,20,200
44026,20,440
35629,20,356
18335,20,183
34049,20,340
36100,20,361
18054,20,180
33605,20,336
18714,20,187
28618,20,286
28461,20,284
8401,20,84
26322,20,263
26758,20,267
8681,19,86
18122,19,181
8223,19,82
27427,19,274
26339,19,263
28126,19,281
46296,19,462
18826,19,188
26014,19,260
20202,19,202
25174,19,251
34054,19,340
18520,19,185
4596,19,45
19760,19,197
18113,19,181
520,19,5
17636,19,176
18077,19,180
26365,19,263
48319,19,483
12446,19,124
30970,19,309
9373,19,93
19623,19,196
35727,19,357
18189,19,181
18013,19,180
34531,19,345
27079,19,270
34492,19,344
46855,19,468
27716,19,277
27095,19,270
22354,19,223
4182,19,41
18280,19,182
22361,19,223
6215,19,62
26995,19,269
2241,19,22
20073,19,200
17506,19,175
36466,19,364
32160,19,321
21887,19,218
25969,19,259
18416,19,184
48498,19,484
44093,19,440
38681,19,386
30859,19,308
27943,19,279
17341,19,173
45562,19,455
27372,19,273
19094,19,190
25690,19,256
28518,19,285
31697,19,316
8323,19,83
4549,19,45
19567,19,195
20130,19,201
31679,19,316
36271,19,362
27463,19,274
27305,19,273
27669,19,276
26267,19,262
31982,19,319
23209,19,232
27951,19,279
26186,19,261
5062,19,50
19593,19,195
28054,18,280
18739,18,187
27683,18,276
33879,18,338
10354,18,103
24850,18,248
27906,18,279
47873,18,478
5182,18,51
27643,18,276
4394,18,43
8897,18,88
22364,18,223
589,18,5
30879,18,308
28494,18,284
23300,18,233
22672,18,226
13476,18,134
5069,18,50
26505,18,265
33252,18,332
28147,18,281
18099,18,180
18014,18,180
36660,18,366
31453,18,314
8556,18,85
27955,18,279
27867,18,278
33619,18,336
44356,18,443
23183,18,231
16894,18,168
5229,18,52
16647,18,166
27412,18,274
27607,18,276
26932,18,269
17612,18,176
43441,18,434
27660,18,276
30818,18,308
48748,18,487
39102,18,391
48742,18,487
22393,18,223
27392,18,273
26362,18,263
48581,18,485
9070,18,90
27339,18,273
47107,18,471
47368,18,473
25319,18,253
28023,18,280
30824,18,308
17702,18,177
27664,18,276
17719,18,177
20208,18,202
10318,18,103
26440,18,264
26912,18,269
20014,18,200
27026,18,270
27238,18,272
31258,18,312
44316,18,443
27224,18,272
16425,18,164
19851,18,198
16440,17,164
20372,17,203
20371,17,203
19897,17,198
19708,17,197
25855,17,258
22949,17,229
41062,17,410
9376,17,93
27356,17,273
8659,17,86
34138,17,341
38842,17,388
27335,17,273
18055,17,180
36156,17,361
18034,17,180
25134,17,251
4107,17,41
28304,17,283
28038,17,280
18028,17,180
4927,17,49
26691,17,266
19628,17,196
21969,17,219
26617,17,266
26937,17,269
28037,17,280
44264,17,442
4278,17,42
13455,17,134
47027,17,470
36861,17,368
9472,17,94
19410,17,194
36259,17,362
34023,17,340
22721,17,227
26977,17,269
26100,17,261
43828,17,438
45531,17,455
45754,17,457
9328,17,93
33709,17,337
17677,17,176
2071,17,20
17511,17,175
27370,17,273
26650,17,266
31346,17,313
48776,17,487
48688,17,486
47064,17,470
16898,17,168
33456,17,334
25964,17,259
20213,17,202
27860,17,278
24716,17,247
4196,17,41
45927,17,459
33317,17,333
18617,17,186
38354,17,383
18227,17,182
2249,17,22
35181,17,351
45421,17,454
10311,17,103
23161,17,231
17075,17,170
43947,17,439
8304,17,83
27537,17,275
40423,17,404
8642,17,86
16507,17,165
17279,17,172
8504,17,85
27241,17,272
18086,17,180
39563,17,395
25907,17,259
25771,17,257
27734,17,277
27857,17,278
25542,17,255
17502,17,175
30040,17,300
46258,17,462
35559,17,355
18753,17,187
26831,17,268
48429,17,484
33316,17,333
17343,17,173
44817,17,448
27887,17,278
18772,16,187
10344,16,103
18008,16,180
9149,16,91
21970,16,219
31621,16,316
28202,16,282
36263,16,362
36804,16,368
26065,16,260
45031,16,450
43819,16,438
36713,16,367
26547,16,265
28310,16,283
4229,16,42
4691,16,46
8773,16,87
18537,16,185
4599,16,45
12577,16,125
35495,16,354
36343,16,363
19457,16,194
44378,16,443
49106,16,491
18788,16,187
46280,16,462
16531,16,165
27269,16,272
21961,16,219
4708,16,47
26377,16,263
45966,16,459
35171,16,351
19202,16,192
30199,16,301
34242,16,342
33124,16,331
27327,16,273
26421,16,264
24717,16,247
28275,16,282
32602,16,326
46687,16,466
47740,16,477
33271,16,332
34737,16,347
33955,16,339
18385,16,183
27512,16,275
19911,16,199
2214,16,22
4150,16,41
4838,16,48
4839,16,48
33614,16,336
17601,16,176
31647,16,316
33767,16,337
9374,16,93
10465,16,104
650,16,6
34934,16,349
24696,16,246
2117,16,21
8835,16,88
30870,16,308
49120,16,491
32440,16,324
28512,16,285
2142,16,21
46794,16,467
26103,16,261
26968,16,269
37531,16,375
8717,16,87
2569,16,25
12576,16,125
9269,16,92
46312,16,463
8217,16,82
16784,16,167
33963,16,339
25439,16,254
47573,16,475
27884,16,278
47436,16,474
18824,16,188
16595,16,165
26756,16,267
27199,16,271
40432,16,404
17230,16,172
31469,16,314
19663,16,196
19462,16,194
27213,15,272
26046,15,260
17509,15,175
9231,15,92
31533,15,315
34541,15,345
34794,15,347
17086,15,170
35933,15,359
25676,15,256
26389,15,263
33498,15,334
45912,15,459
5152,15,51
27216,15,272
27312,15,273
20136,15,201
48389,15,483
20025,15,200
26035,15,260
10336,15,103
5128,15,51
27340,15,273
18124,15,181
28496,15,284
8245,15,82
27965,15,279
6196,15,61
12796,15,127
17183,15,171
8641,15,86
33997,15,339
31374,15,313
36826,15,368
44660,15,446
35939,15,359
12644,15,126
43806,15,438
35100,15,351
8875,15,88
37560,15,375
35971,15,359
27785,15,277
25167,15,251
30833,15,308
28005,15,280
43941,15,439
26973,15,269
18722,15,187
33756,15,337
27518,15,275
12653,15,126
28579,15,285
44286,15,442
12406,15,124
33804,15,338
4103,15,41
24785,15,247
21064,15,210
23182,15,231
26212,15,262
28234,15,282
26056,15,260
19595,15,195
20184,15,201
44749,15,447
27481,15,274
18667,15,186
27105,15,271
17460,15,174
25966,15,259
40941,15,409
26204,15,262
27848,15,278
40291,15,402
35987,15,359
36620,15,366
4455,15,44
25426,15,254
19050,15,190
10786,15,107
17250,15,172
30822,15,308
23128,15,231
31398,15,313
25790,15,257
18785,15,187
18902,15,189
10296,15,102
13345,15,133
8767,14,87
47971,14,479
27865,14,278
13402,14,134
22517,14,225
48476,14,484
6181,14,61
46608,14,466
20116,14,201
18025,14,180
4366,14,43
26441,14,264
6401,14,64
4686,14,46
9365,14,93
43872,14,438
12555,14,125
16432,14,164
18088,14,180
27161,14,271
45803,14,458
33457,14,334
32907,14,329
27908,14,279
25079,14,250
25563,14,255
26280,14,262
27338,14,273
40221,14,402
40384,14,403
8420,14,84
4604,14,46
45875,14,458
44698,14,446
25997,14,259
5002,14,50
4577,14,45
17715,14,177
27373,14,273
26850,14,268
31355,14,313
12684,14,126
23075,14,230
28619,14,286
44223,14,442
17548,14,175
18686,14,186
17598,14,175
8230,14,82
17741,14,177
8227,14,82
35284,14,352
17780,14,177
25853,14,258
19285,14,192
26994,14,269
28556,14,285
43950,14,439
38270,14,382
17848,14,178
17602,14,176
18584,14,185
5033,14,50
25963,14,259
34935,14,349
5209,14,52
4344,14,43
45222,14,452
35242,14,352
28346,14,283
686,14,6
46110,14,461
17748,14,177
32685,14,326
18007,14,180
18148,14,181
31396,14,313
8307,14,83
19282,14,192
4253,14,42
25756,14,257
32686,14,326
33105,14,331
25172,14,251
23204,14,232
26405,14,264
9047,14,90
35388,14,353
22769,14,227
33925,14,339
34215,14,342
6237,14,62
4759,14,47
25307,14,253
31685,14,316
19162,14,191
46209,14,462
44108,14,441
17306,14,173
8303,14,83
26271,14,262
28056,14,280
28486,14,284
33269,14,332
45986,14,459
16499,14,164
4376,14,43
18098,13,180
17264,13,172
17278,13,172
19849,13,198
28483,13,284
27712,13,277
48686,13,486
36217,13,362
27939,13,279
33076,13,330
47047,13,470
44820,13,448
48483,13,484
18601,13,186
38797,13,387
19954,13,199
13569,13,135
22357,13,223
4680,13,46
19881,13,198
19664,13,196
46865,13,468
17395,13,173
27760,13,277
31276,13,312
8492,13,84
10399,13,103
48163,13,481
31187,13,311
43477,13,434
43460,13,434
18001,13,180
17554,13,175
37505,13,375
26205,13,262
33610,13,336
32781,13,327
39432,13,394
33116,13,331
43940,13,439
4108,13,41
8374,13,83
26699,13,266
4538,13,45
10374,13,103
46998,13,469
46259,13,462
27807,13,278
36619,13,366
25792,13,257
907,13,9
31552,13,315
26018,13,260
44017,13,440
46135,13,461
32436,13,324
31164,13,311
32410,13,324
27790,13,277
28181,13,281
26102,13,261
16701,13,167
4977,13,49
38657,13,386
27722,13,277
27889,13,278
23076,13,230
36128,13,361
34294,13,342
36236,13,362
34493,13,344
27067,13,270
28298,13,282
44379,13,443
9368,13,93
46346,13,463
34081,13,340
28468,13,284
25599,13,255
8945,13,89
25930,13,259
40812,13,408
4151,13,41
27083,13,270
4805,13,48
5408,13,54
4865,13,48
19110,13,191
49019,13,490
27733,13,277
23234,13,232
47460,13,474
29718,13,297
34355,13,343
47204,13,472
36134,13,361
25762,13,257
36104,13,361
35538,13,355
16657,13,166
9015,13,90
44805,13,448
44261,13,442
19573,13,195
5635,13,56
4469,13,44
40252,13,402
40326,13,403
27172,13,271
4497,13,44
8551,13,85
31310,13,313
12368,13,123
33900,13,339
34189,13,341
43671,13,436
26464,13,264
18727,13,187
929,13,9
17683,13,176
17895,13,178
48380,13,483
26981,13,269
18943,13,189
17797,13,177
21884,13,218
9271,13,92
20186,13,201
35499,13,354
18103,13,181
19501,13,195
18076,12,180
33283,12,332
4548,12,45
38822,12,388
27579,12,275
19943,12,199
17407,12,174
16601,12,166
18083,12,180
4670,12,46
19112,12,191
46395,12,463
17083,12,170
27365,12,273
26295,12,262
21811,12,218
25671,12,256
35707,12,357
17852,12,178
27234,12,272
9742,12,97
9764,12,97
19412,12,194
27741,12,277
28369,12,283
46753,12,467
25893,12,258
28196,12,281
6432,12,64
26098,12,260
19023,12,190
26388,12,263
9429,12,94
33003,12,330
40434,12,404
8843,12,88
27126,12,271
28172,12,281
4642,12,46
2315,12,23
9273,12,92
17807,12,178
33274,12,332
26149,12,261
34930,12,349
18405,12,184
27061,12,270
20125,12,201
721,12,7
43839,12,438
28544,12,285
36066,12,360
39065,12,390
4798,12,47
18837,12,188
6219,12,62
36545,12,365
45872,12,458
25844,12,258
539,12,5
18281,12,182
8927,12,89
28491,12,284
48519,12,485
28188,12,281
27102,12,271
19941,12,199
18957,12,189
9383,12,93
36059,12,360
2225,12,22
33093,12,330
8816,12,88
25935,12,259
46892,12,468
16666,12,166
35547,12,355
19955,12,199
25455,12,254
23195,12,231
23184,12,231
4439,12,44
17997,12,179
16758,12,167
26736,12,267
18622,12,186
45746,12,457
35910,12,359
20640,12,206
20660,12,206
8383,12,83
8809,12,88
31532,12,315
25610,12,256
32510,12,325
26568,12,265
46181,12,461
46159,12,461
47473,12,474
36153,12,361
9014,12,90
26402,12,264
36847,12,368
9163,12,91
18627,12,186
22786,12,227
46413,12,464
8523,12,85
31359,12,313
27375,12,273
40274,12,402
26553,12,265
24958,12,249
18,12,0
27562,12,275
9359,12,93
32848,12,328
26876,12,268
28511,12,285
31417,12,314
26264,12,262
21150,12,211
5164,12,51
8495,12,84
17987,12,179
40346,12,403
33593,12,335
38321,12,383
19625,11,196
4114,11,41
35177,11,351
18839,11,188
27989,11,279
25338,11,253
17834,11,178
8730,11,87
18793,11,187
161,11,1
27164,11,271
26667,11,266
9039,11,90
26346,11,263
27530,11,275
6433,11,64
26991,11,269
4615,11,46
4466,11,44
26802,11,268
27156,11,271
8493,11,84
4795,11,47
5026,11,50
19032,11,190
48230,11,482
26057,11,260
19611,11,196
34858,11,348
4840,11,48
25680,11,256
5049,11,50
21854,11,218
4688,11,46
27080,11,270
8952,11,89
17678,11,176
12580,11,125
26343,11,263
22759,11,227
8858,11,88
18883,11,188
26305,11,263
26360,11,263
21017,11,210
18623,11,186
21847,11,218
38684,11,386
27934,11,279
33651,11,336
44463,11,444
31404,11,314
8222,11,82
38887,11,388
26554,11,265
26073,11,260
36017,11,360
26071,11,260
19271,11,192
20145,11,201
45046,11,450
33913,11,339
43619,11,436
26331,11,263
34349,11,343
47741,11,477
45590,11,455
34918,11,349
31724,11,317
17452,11,174
9490,11,94
46175,11,461
33337,11,333
27996,11,279
27532,11,275
27366,11,273
35869,11,358
12673,11,126
8575,11,85
4216,11,42
4317,11,43
9187,11,91
36800,11,368
45426,11,454
19978,11,199
24922,11,249
27053,11,270
31303,11,313
46610,11,466
12794,11,127
9336,11,93
20031,11,200
4946,11,49
31358,11,313
33417,11,334
19652,11,196
33079,11,330
33835,11,338
27737,11,277
24644,11,246
22822,11,228
33998,11,339
23342,11,233
8650,11,86
44452,11,444
46802,11,468
8275,10,82
17979,10,179
28508,10,285
25056,10,250
25413,10,254
26351,10,263
27729,10,277
34809,10,348
45787,10,457
34798,10,347
28089,10,280
34640,10,346
48390,10,483
27243,10,272
9732,10,97
46630,10,466
46648,10,466
19608,10,196
4454,10,44
27677,10,276
26302,10,263
27771,10,277
12380,10,123
45949,10,459
5278,10,52
41081,10,410
26755,10,267
4438,10,44
28244,10,282
10416,10,104
20537,10,205
34260,10,342
21112,10,211
33107,10,331
49014,10,490
46389,10,463
17592,10,175
8524,10,85
44365,10,443
44389,10,443
5057,10,50
4507,10,45
0,10,0
26513,10,265
13371,10,133
18582,10,185
27299,10,272
8787,10,87
44932,10,449
25974,10,259
28300,10,283
19041,10,190
33796,10,337
28609,10,286
33552,10,335
36243,10,362
36734,10,367
33558,10,335
47139,10,471
27653,10,276
12359,10,123
5181,10,51
8197,10,81
35545,10,355
17572,10,175
25831,10,258
35033,10,350
17659,10,176
9118,10,91
25977,10,259
8919,10,89
9375,10,93
17559,10,175
2062,10,20
4923,10,49
6218,10,62
6241,10,62
18869,10,188
19730,10,197
8971,10,89
9185,10,91
46294,10,462
23050,10,230
47211,10,472
23088,10,230
45763,10,457
45235,10,452
26169,10,261
26318,10,263
27912,10,279
22658,10,226
23246,10,232
5236,10,52
5074,10,50
20075,10,200
18421,10,184
28583,10,285
619,10,6
36793,10,367
28569,10,285
141,10,1
21996,10,219
17761,10,177
46883,10,468
4231,10,42
19130,10,191
25960,10,259
25916,10,259
46890,10,468
21980,10,219
48475,10,484
27073,10,270
17208,10,172
6233,10,62
21872,10,218
9367,10,93
17491,10,174
17805,10,178
691,10,6
26006,10,260
552,10,5
23328,10,233
19296,10,192
20273,10,202
8698,10,86
20254,10,202
8646,10,86
35514,10,355
5648,10,56
4710,10,47
4646,10,46
28271,10,282
18154,10,181
5255,10,52
8289,10,82
44252,10,442
24023,9,240
36773,9,367
19546,9,195
20229,9,202
39085,9,390
31435,9,314
9044,9,90
5244,9,52
5075,9,50
28044,9,280
4297,9,42
25228,9,252
33944,9,339
23323,9,233
46149,9,461
9048,9,90
8625,9,86
27017,9,270
6,9,0
18677,9,186
18018,9,180
25763,9,257
43631,9,436
33957,9,339
45247,9,452
17245,9,172
9069,9,90
27374,9,273
9362,9,93
34697,9,346
34405,9,344
18978,9,189
40250,9,402
25945,9,259
4118,9,41
33616,9,336
23269,9,232
23167,9,231
4168,9,41
19587,9,195
26092,9,260
33503,9,335
522,9,5
26987,9,269
31641,9,316
17774,9,177
17694,9,176
18928,9,189
4990,9,49
26257,9,262
34698,9,346
32894,9,328
45988,9,459
18482,9,184
45460,9,454
45506,9,455
23010,9,230
5140,9,51
27409,9,274
49093,9,490
27606,9,276
17594,9,175
17842,9,178
17510,9,175
17483,9,174
21982,9,219
27612,9,276
9230,9,92
18900,9,189
21433,9,214
26942,9,269
30769,9,307
21073,9,210
20731,9,207
36554,9,365
17974,9,179
23481,9,234
19034,9,190
34511,9,345
26281,9,262
8763,9,87
46658,9,466
46939,9,469
9342,9,93
22615,9,226
38858,9,388
26407,9,264
20505,9,205
12345,9,123
36671,9,366
42004,9,420
20026,9,200
12512,9,125
18670,9,186
23211,9,232
26200,9,262
47330,9,473
26206,9,262
26192,9,261
24579,9,245
47244,9,472
36712,9,367
32508,9,325
33766,9,337
32396,9,323
4134,9,41
35993,9,359
33112,9,331
34086,9,340
26998,9,269
48479,9,484
25585,9,255
17814,9,178
708,9,7
41270,9,412
8934,9,89
25863,9,258
27904,9,279
34251,9,342
18031,9,180
33293,9,332
27005,9,270
9308,9,93
28254,9,282
36794,9,367
44019,9,440
42991,9,429
22957,9,229
22773,9,227
44284,9,442
19700,9,197
34038,9,340
34670,9,346
35567,9,355
4418,9,44
20335,9,203
46182,9,461
23222,9,232
36320,9,363
12333,9,123
33549,9,335
24813,9,248
36177,9,361
2136,9,21
36511,9,365
5284,9,52
27250,9,272
4435,9,44
28506,9,285
33104,9,331
33746,9,337
5636,9,56
8234,9,82
31479,9,314
35506,9,355
5302,9,53
40290,8,402
19535,8,195
20422,8,204
27521,8,275
27231,8,272
27762,8,277
27285,8,272
18114,8,181
34446,8,344
34494,8,344
27810,8,278
22365,8,223
26078,8,260
20179,8,201
46438,8,464
45636,8,456
28315,8,283
44281,8,442
8392,8,83
9111,8,91
44833,8,448
17565,8,175
5011,8,50
25205,8,252
4772,8,47
37475,8,374
32484,8,324
18852,8,188
46011,8,460
12453,8,124
27910,8,279
43573,8,435
27916,8,279
22976,8,229
46661,8,466
18713,8,187
31677,8,316
27868,8,278
33030,8,330
17516,8,175
18029,8,180
35771,8,357
10325,8,103
48711,8,487
32502,8,325
35985,8,359
18932,8,189
43987,8,439
14858,8,148
22804,8,228
27687,8,276
4487,8,44
34098,8,340
33828,8,338
27853,8,278
10394,8,103
46997,8,469
26496,8,264
45431,8,454
17124,8,171
19061,8,190
9012,8,90
46729,8,467
17755,8,177
36598,8,365
9334,8,93
31155,8,311
35101,8,351
28279,8,282
47005,8,470
22614,8,226
46198,8,461
46196,8,461
26048,8,260
8740,8,87
18544,8,185
46512,8,465
17130,8,171
34521,8,345
22966,8,229
19280,8,192
46183,8,461
25332,8,253
18112,8,181
40818,8,408
4948,8,49
44366,8,443
4235,8,42
27591,8,275
25989,8,259
31736,8,317
26142,8,261
5136,8,51
18803,8,188
27976,8,279
10403,8,104
27769,8,277
47058,8,470
19109,8,191
20215,8,202
27859,8,278
25905,8,259
2247,8,22
47074,8,470
49104,8,491
46040,8,460
48338,8,483
8192,8,81
583,8,5
26420,8,264
731,8,7
32433,8,324
44807,8,448
4644,8,46
28173,8,281
31322,8,313
4342,8,43
38255,8,382
20400,8,204
36160,8,361
19091,8,190
12379,8,123
19756,8,197
48297,8,482
12560,8,125
28127,8,281
20404,8,204
43630,8,436
18827,8,188
9133,8,91
9007,8,90
34026,8,340
13417,8,134
16423,8,164
44290,8,442
4105,8,41
18089,8,180
47073,8,470
39659,8,396
9385,8,93
19553,8,195
20341,8,203
26690,8,266
19064,7,190
8721,7,87
25958,7,259
18407,7,184
45790,7,457
21156,7,211
33138,7,331
27766,7,277
4299,7,42
28290,7,282
25948,7,259
18307,7,183
35443,7,354
19499,7,194
16533,7,165
12556,7,125
44119,7,441
16602,7,166
31419,7,314
31397,7,313
28426,7,284
26972,7,269
25742,7,257
24778,7,247
36323,7,363
31970,7,319
28620,7,286
4715,7,47
21987,7,219
35314,7,353
46882,7,468
43420,7,434
27655,7,276
34160,7,341
8574,7,85
31625,7,316
9394,7,93
27218,7,272
27525,7,275
19738,7,197
33294,7,332
4959,7,49
35676,7,356
5040,7,50
28256,7,282
19056,7,190
35549,7,355
44400,7,444
25375,7,253
20405,7,204
43585,7,435
26187,7,261
43939,7,439
43942,7,439
4223,7,42
36670,7,366
34539,7,345
32662,7,326
35131,7,351
9290,7,92
36130,7,361
28075,7,280
24583,7,245
27846,7,278
25002,7,250
34243,7,342
43575,7,435
13312,7,133
33919,7,339
26058,7,260
17629,7,176
5022,7,50
4349,7,43
9358,7,93
44352,7,443
31515,7,315
747,7,7
6172,7,61
27993,7,279
17750,7,177
48270,7,482
46886,7,468
27682,7,276
12631,7,126
12335,7,123
45983,7,459
48381,7,483
46024,7,460
18798,7,187
25906,7,259
19318,7,193
34106,7,341
34546,7,345
272,7,2
47125,7,471
45749,7,457
28052,7,280
23053,7,230
26307,7,263
20203,7,202
28524,7,285
45958,7,459
24842,7,248
26262,7,262
26364,7,263
23143,7,231
23148,7,231
48993,7,489
5019,7,50
5015,7,50
18393,7,183
26097,7,260
18566,7,185
34910,7,349
2220,7,22
18042,7,180
602,7,6
18987,7,189
9157,7,91
16653,7,166
5170,7,51
27828,7,278
13478,7,134
4519,7,45
4939,7,49
12678,7,126
12317,7,123
46111,7,461
34430,7,344
31399,7,313
18972,7,189
12599,7,125
18971,7,189
16961,7,169
2571,7,25
19543,7,195
35389,7,353
8221,7,82
44109,7,441
47199,7,471
26159,7,261
19744,7,197
23113,7,231
23160,7,231
22945,7,229
28289,7,282
27128,7,271
27271,7,272
4131,7,41
44371,7,443
40801,7,408
8206,7,82
35049,7,350
28236,7,282
28457,7,284
38975,7,389
20721,7,207
17878,7,178
43968,7,439
27342,7,273
34944,7,349
46144,7,461
19658,7,196
31375,7,313
16785,6,167
18061,6,180
40264,6,402
48440,6,484
8626,6,86
4405,6,44
9049,6,90
9126,6,91
28294,6,282
4193,6,41
36222,6,362
36171,6,361
47370,6,473
28499,6,284
26265,6,262
19074,6,190
27863,6,278
46217,6,462
27106,6,271
27511,6,275
27509,6,275
4504,6,45
34680,6,346
31161,6,311
757,6,7
36457,6,364
35269,6,352
25822,6,258
10291,6,102
19958,6,199
28374,6,283
38859,6,388
8521,6,85
19083,6,190
48961,6,489
48963,6,489
38253,6,382
26913,6,269
5203,6,52
45854,6,458
20362,6,203
17312,6,173
8903,6,89
18420,6,184
43694,6,436
8989,6,89
17235,6,172
19125,6,191
28063,6,280
26314,6,263
28077,6,280
33943,6,339
10762,6,107
47391,6,473
48296,6,482
49094,6,490
25035,6,250
5122,6,51
33708,6,337
33710,6,337
43848,6,438
28277,6,282
595,6,5
24927,6,249
27998,6,279
9477,6,94
13460,6,134
48274,6,482
30029,6,300
17781,6,177
32414,6,324
25472,6,254
25335,6,253
45975,6,459
10323,6,103
689,6,6
17795,6,177
26481,6,264
36668,6,366
36038,6,360
26203,6,262
21918,6,219
17815,6,178
48186,6,481
24775,6,247
36728,6,367
75,6,0
18521,6,185
43884,6,438
25619,6,256
28598,6,285
6244,6,62
46240,6,462
17722,6,177
27975,6,279
17533,6,175
18247,6,182
46683,6,466
27919,6,279
28150,6,281
27961,6,279
26330,6,263
45802,6,458
36241,6,362
46301,6,463
27929,6,279
12452,6,124
8711,6,87
33115,6,331
5044,6,50
10334,6,103
665,6,6
26039,6,260
27046,6,270
43912,6,439
43913,6,439
26984,6,269
5379,6,53
4682,6,46
642,6,6
35952,6,359
25180,6,251
34143,6,341
25171,6,251
26238,6,262
10418,6,104
23171,6,231
36237,6,362
35911,6,359
17023,6,170
40985,6,409
18022,6,180
31629,6,316
5047,6,50
26213,6,262
33095,6,330
36139,6,361
27650,6,276
26308,6,263
24954,6,249
38872,6,388
20270,6,202
18121,6,181
4534,6,45
34074,6,340
27008,6,270
25255,6,252
22590,6,225
47941,6,479
22958,6,229
47093,6,470
28081,6,280
34028,6,340
45351,6,453
22682,6,226
28384,6,283
27475,6,274
39485,6,394
39068,6,390
37025,6,370
28592,6,285
28284,6,282
28570,6,285
46417,6,464
25854,6,258
33034,6,330
16437,6,164
9387,6,93
26784,6,267
20060,6,200
20424,6,204
27774,6,277
31420,5,314
44245,5,442
27158,5,271
27626,5,276
27254,5,272
27349,5,273
26814,5,268
23321,5,233
22605,5,226
32481,5,324
39055,5,390
39049,5,390
20506,5,205
934,5,9
17785,5,177
9108,5,91
8385,5,83
19804,5,198
44221,5,442
4692,5,46
40904,5,409
4146,5,41
33924,5,339
33244,5,332
18540,5,185
17071,5,170
34808,5,348
22679,5,226
34795,5,347
34695,5,346
28039,5,280
24646,5,246
28084,5,280
28036,5,280
35631,5,356
2230,5,22
18413,5,184
44311,5,443
4954,5,49
4928,5,49
20610,5,206
39426,5,394
27855,5,278
28611,5,286
47117,5,471
26221,5,262
34507,5,345
36110,5,361
20642,5,206
35928,5,359
18136,5,181
27446,5,274
20046,5,200
21990,5,219
25593,5,255
28446,5,284
125,5,1
33556,5,335
33210,5,332
23213,5,232
27811,5,278
2121,5,21
25991,5,259
9275,5,92
26082,5,260
8854,5,88
17425,5,174
29939,5,299
47876,5,478
33907,5,339
28490,5,284
26282,5,262
36298,5,362
34554,5,345
43717,5,437
27917,5,279
27960,5,279
34552,5,345
47701,5,477
45587,5,455
18496,5,184
46199,5,461
4340,5,43
32394,5,323
36669,5,366
43820,5,438
25632,5,256
26403,5,264
17893,5,178
46061,5,460
18466,5,184
6236,5,62
16959,5,169
8887,5,88
10289,5,102
31120,5,311
28365,5,283
12325,5,123
10261,5,102
17671,5,176
46999,5,469
33693,5,336
46060,5,460
12421,5,124
32451,5,324
27431,5,274
17664,5,176
28382,5,283
26467,5,264
18395,5,183
48915,5,489
32891,5,328
34318,5,343
43720,5,437
28152,5,281
28539,5,285
28107,5,281
17238,5,172
12767,5,127
25339,5,253
17557,5,175
16645,5,166
19044,5,190
49021,5,490
46036,5,460
44852,5,448
31403,5,314
8218,5,82
25941,5,259
8194,5,81
2561,5,25
17574,5,175
911,5,9
17740,5,177
32456,5,324
25645,5,256
33694,5,336
18880,5,188
13397,5,133
27483,5,274
33926,5,339
21155,5,211
46234,5,462
45985,5,459
19326,5,193
33899,5,338
19419,5,194
13511,5,135
34418,5,344
26170,5,261
5149,5,51
25936,5,259
4125,5,41
17537,5,175
35714,5,357
4245,5,42
16723,5,167
31408,5,314
9138,5,91
27391,5,273
8427,5,84
31259,5,312
20290,5,202
33281,5,332
31422,5,314
4449,5,44
20291,5,202
19850,5,198
20377,4,203
27552,4,275
17205,4,172
19676,4,196
17301,4,173
17398,4,173
4425,4,44
5307,4,53
8603,4,86
8665,4,86
31663,4,316
44313,4,443
8553,4,85
9741,4,97
16782,4,167
20245,4,202
44933,4,449
17658,4,176
19157,4,191
27456,4,274
26839,4,268
4900,4,49
8344,4,83
25983,4,259
25939,4,259
18035,4,180
8525,4,85
4319,4,43
38676,4,386
27474,4,274
5089,4,50
5014,4,50
18190,4,181
43374,4,433
46158,4,461
17108,4,171
20079,4,200
28311,4,283
28305,4,283
8708,4,87
8908,4,89
26067,4,260
17421,4,174
18578,4,185
34911,4,349
2125,4,21
8741,4,87
2147,4,21
18207,4,182
5151,4,51
4301,4,43
40951,4,409
44358,4,443
18761,4,187
46367,4,463
18766,4,187
28334,4,283
18271,4,182
668,4,6
36533,4,365
31689,4,316
9252,4,92
697,4,6
46762,4,467
28352,4,283
26936,4,269
26985,4,269
26979,4,269
26986,4,269
28588,4,285
27099,4,270
4814,4,48
17673,4,176
43891,4,438
8746,4,87
10353,4,103
6225,4,62
6263,4,62
6256,4,62
36008,4,360
10319,4,103
18794,4,187
8832,4,88
36593,4,365
31559,4,315
729,4,7
27832,4,278
27833,4,278
28546,4,285
28372,4,283
26989,4,269
49009,4,490
12675,4,126
49020,4,490
45073,4,450
44836,4,448
19740,4,197
27691,4,276
39487,4,394
22392,4,223
6164,4,61
35897,4,358
17121,4,171
532,4,5
10240,4,102
26425,4,264
36896,4,368
36623,4,366
36634,4,366
9305,4,93
10285,4,102
26198,4,261
17735,4,177
17782,4,177
46681,4,466
35395,4,353
9021,4,90
8396,4,83
8985,4,89
44818,4,448
44361,4,443
27221,4,272
4437,4,44
38856,4,388
27049,4,270
17052,4,170
10386,4,103
32647,4,326
36844,4,368
25182,4,251
48267,4,482
19029,4,190
19028,4,190
46314,4,463
27651,4,276
18835,4,188
26233,4,262
25735,4,257
24921,4,249
28449,4,284
27661,4,276
33092,4,330
34115,4,341
34536,4,345
34538,4,345
33752,4,337
25369,4,253
27319,4,273
4940,4,49
8549,4,85
44360,4,443
19727,4,197
19919,4,199
33458,4,334
35383,4,353
35929,4,359
34362,4,343
43915,4,439
26134,4,261
28113,4,281
47304,4,473
47110,4,471
28148,4,281
26161,4,261
36255,4,362
36703,4,367
28612,4,286
26285,4,262
34168,4,341
18480,4,184
33906,4,339
34095,4,340
23142,4,231
26260,4,262
26340,4,263
24886,4,248
28108,4,281
26115,4,261
25555,4,255
45967,4,459
22914,4,229
43676,4,436
23232,4,232
22659,4,226
18970,4,189
8406,4,84
8211,4,82
18144,4,181
35511,4,355
30092,4,300
47197,4,471
25438,4,254
34696,4,346
33125,4,331
48641,4,486
27723,4,277
26299,4,262
47597,4,475
45791,4,457
22708,4,227
34740,4,347
33961,4,339
23473,4,234
23437,4,234
46239,4,462
18643,4,186
25009,4,250
26270,4,262
28533,4,285
33981,4,339
23135,4,231
33958,4,339
33139,4,331
21036,4,210
22825,4,228
28528,4,285
28046,4,280
26255,4,262
27153,4,271
5254,4,52
44921,4,449
17220,4,172
17266,4,172
19095,4,190
27522,4,275
18075,4,180
19490,4,194
16664,3,166
18775,3,187
17344,3,173
20428,3,204
34984,3,349
17197,3,171
20054,3,200
20369,3,203
16493,3,164
19758,3,197
19746,3,197
17978,3,179
35557,3,355
9735,3,97
44507,3,445
31281,3,312
8450,3,84
16444,3,164
19563,3,195
19460,3,194
19659,3,196
19496,3,194
9347,3,93
8968,3,89
8228,3,82
9381,3,93
9164,3,91
8790,3,87
44462,3,444
44809,3,448
34916,3,349
27582,3,275
27529,3,275
27520,3,275
27239,3,272
27351,3,273
27577,3,275
27402,3,274
5275,3,52
27536,3,275
5264,3,52
37636,3,376
27367,3,273
34913,3,349
17566,3,175
17639,3,176
31529,3,315
31315,3,313
8528,3,85
31720,3,317
9351,3,93
44377,3,443
8786,3,87
20360,3,203
2207,3,22
17453,3,174
2057,3,20
18787,3,187
4855,3,48
38704,3,387
27052,3,270
27641,3,276
26877,3,268
21851,3,218
5008,3,50
4303,3,43
4111,3,41
18669,3,186
6193,3,61
22300,3,223
49016,3,490
12366,3,123
25239,3,252
38869,3,388
27513,3,275
48996,3,489
27082,3,270
22012,3,220
4643,3,46
21880,3,218
4653,3,46
35789,3,357
17835,3,178
2246,3,22
2110,3,21
18786,3,187
17456,3,174
17514,3,175
8959,3,89
31742,3,317
41143,3,411
8715,3,87
26453,3,264
25913,3,259
25954,3,259
26052,3,260
18941,3,189
18712,3,187
35698,3,356
35208,3,352
25177,3,251
19114,3,191
45852,3,458
27477,3,274
28354,3,283
26952,3,269
27028,3,270
38924,3,389
39657,3,396
12630,3,126
19025,3,190
6202,3,62
6161,3,61
33535,3,335
17817,3,178
745,3,7
17525,3,175
36576,3,365
41276,3,412
43453,3,434
8856,3,88
41077,3,410
9229,3,92
10358,3,103
43452,3,434
2116,3,21
16957,3,169
33914,3,339
33795,3,337
34073,3,340
34295,3,342
21289,3,212
21283,3,212
34051,3,340
45874,3,458
38363,3,383
28559,3,285
26970,3,269
24809,3,248
25390,3,253
20029,3,200
17859,3,178
18917,3,189
36382,3,363
31216,3,312
10337,3,103
26020,3,260
31118,3,311
25724,3,257
43886,3,438
8888,3,88
25673,3,256
20168,3,201
33121,3,331
22918,3,229
34003,3,340
27796,3,277
48262,3,482
48363,3,483
28416,3,284
28443,3,284
28064,3,280
27757,3,277
23436,3,234
23345,3,233
29958,3,299
45961,3,459
27715,3,277
24665,3,246
28080,3,280
28083,3,280
28482,3,284
30103,3,301
28498,3,284
13419,3,134
45438,3,454
34029,3,340
23392,3,233
20171,3,201
17758,3,177
36775,3,367
23210,3,232
17753,3,177
250,3,2
45430,3,454
16954,3,169
33596,3,335
33777,3,337
43787,3,437
32482,3,324
10288,3,102
10346,3,103
26199,3,261
26620,3,266
34407,3,344
23475,3,234
47962,3,479
47599,3,475
27732,3,277
28050,3,280
27963,3,279
26304,3,263
19315,3,193
33966,3,339
22709,3,227
34397,3,343
36189,3,361
36183,3,361
33930,3,339
24944,3,249
42006,3,420
31998,3,319
32594,3,325
26232,3,262
26525,3,265
32322,3,323
32695,3,326
20012,3,200
36262,3,362
23224,3,232
23207,3,232
34542,3,345
46964,3,469
34460,3,344
28124,3,281
26323,3,263
26542,3,265
28014,3,280
28115,3,281
20099,3,200
34510,3,345
36290,3,362
23055,3,230
23282,3,232
23146,3,231
32799,3,327
18864,3,188
35578,3,355
17580,3,175
20353,3,203
17992,3,179
17573,3,175
32910,3,329
17571,3,175
41080,3,410
8216,3,82
44243,3,442
31331,3,313
8627,3,86
27361,3,273
4500,3,45
45443,3,454
4533,3,45
4367,3,43
27138,3,271
40385,3,403
5290,3,52
4451,3,44
27350,3,273
18073,2,180
27555,2,275
27235,2,272
27578,2,275
38820,2,388
17536,2,175
16767,2,167
35447,2,354
35053,2,350
16756,2,167
17448,2,174
18402,2,184
20082,2,200
26808,2,268
38838,2,388
4137,2,41
5072,2,50
40952,2,409
19136,2,191
5256,2,52
17584,2,175
46714,2,467
38836,2,388
4446,2,44
26874,2,268
12765,2,127
19066,2,190
5262,2,52
4375,2,43
34915,2,349
17446,2,174
18325,2,183
45540,2,455
13477,2,134
5080,2,50
36971,2,369
4887,2,48
23187,2,231
34495,2,344
28020,2,280
25634,2,256
26181,2,261
13,2,0
23212,2,232
46495,2,464
27921,2,279
26141,2,261
23191,2,231
10408,2,104
43716,2,437
26210,2,262
47353,2,473
24881,2,248
18867,2,188
46476,2,464
13380,2,133
20148,2,201
34352,2,343
24848,2,248
45741,2,457
28026,2,280
16865,2,168
35571,2,355
33447,2,334
18801,2,188
17283,2,172
33629,2,336
23237,2,232
33165,2,331
30094,2,300
47961,2,479
26371,2,263
25847,2,258
43995,2,439
26422,2,264
26423,2,264
33731,2,337
45070,2,450
24867,2,248
28154,2,281
26345,2,263
27950,2,279
36308,2,363
34517,2,345
26268,2,262
47235,2,472
23117,2,231
23332,2,233
43748,2,437
26354,2,263
29716,2,297
27905,2,279
43572,2,435
23201,2,232
24955,2,249
41003,2,410
26550,2,265
27981,2,279
31080,2,310
10292,2,102
10294,2,102
36178,2,361
27668,2,276
48677,2,486
25345,2,253
33137,2,331
46262,2,462
13504,2,135
18687,2,186
47377,2,473
24974,2,249
24972,2,249
26243,2,262
26296,2,262
23322,2,233
33946,2,339
33947,2,339
941,2,9
36007,2,360
26301,2,263
34020,2,340
34021,2,340
28505,2,285
28088,2,280
48891,2,488
32271,2,322
43983,2,439
23208,2,232
36767,2,367
18838,2,188
18516,2,185
35977,2,359
579,2,5
25630,2,256
26466,2,264
26030,2,260
36563,2,365
31110,2,311
32444,2,324
26019,2,260
17775,2,177
13416,2,134
26491,2,264
43877,2,438
10315,2,103
36786,2,367
18916,2,189
32432,2,324
26483,2,264
33073,2,330
47475,2,474
48719,2,487
48757,2,487
21153,2,211
22645,2,226
34013,2,340
46506,2,465
45532,2,455
46848,2,468
27649,2,276
27878,2,278
28561,2,285
24829,2,248
28427,2,284
34001,2,340
9265,2,92
10530,2,105
35652,2,356
35230,2,352
31514,2,315
25890,2,258
26083,2,260
8928,2,89
33089,2,330
33904,2,339
22806,2,228
21049,2,210
22978,2,229
39466,2,394
33106,2,331
9264,2,92
20525,2,205
49099,2,490
46076,2,460
38359,2,383
24763,2,247
27006,2,270
21005,2,210
20626,2,206
527,2,5
17714,2,177
33345,2,333
13396,2,133
26992,2,269
24710,2,247
28582,2,285
27094,2,270
27779,2,277
28281,2,282
5385,2,53
25099,2,250
17825,2,178
18743,2,187
2245,2,22
17507,2,175
26941,2,269
38390,2,383
28389,2,283
27135,2,271
28223,2,282
25333,2,253
38350,2,383
24608,2,246
36542,2,365
39062,2,390
39016,2,390
20677,2,206
37385,2,373
27817,2,278
26988,2,269
28185,2,281
36496,2,364
35697,2,356
9314,2,93
8833,2,88
36514,2,365
17818,2,178
18264,2,182
648,2,6
46264,2,462
27066,2,270
45926,2,459
21855,2,218
4140,2,41
4263,2,42
21886,2,218
37056,2,370
19039,2,190
45463,2,454
12403,2,124
5196,2,51
28361,2,283
25217,2,252
5211,2,52
25327,2,253
45385,2,453
6235,2,62
21983,2,219
4820,2,48
19341,2,193
5386,2,53
27104,2,271
21804,2,218
25904,2,259
8900,2,89
25961,2,259
8920,2,89
8719,2,87
35038,2,350
31313,2,313
17512,2,175
8348,2,83
9110,2,91
18908,2,189
46373,2,463
31535,2,315
8322,2,83
25932,2,259
44662,2,446
46739,2,467
27426,2,274
2063,2,20
35071,2,350
19619,2,196
9095,2,90
25927,2,259
44616,2,446
38874,2,388
27447,2,274
5218,2,52
27397,2,273
5024,2,50
48516,2,485
19177,2,191
18979,2,189
5174,2,51
27441,2,274
28330,2,283
4993,2,49
5007,2,50
4685,2,46
18666,2,186
5183,2,51
16699,2,166
16478,2,164
19603,2,196
18782,2,187
20247,2,202
19891,2,198
16479,2,164
16483,2,164
8276,2,82
19561,2,195
9390,2,93
44318,2,443
44288,2,442
31436,2,314
18067,2,180
18126,2,181
8208,2,82
31622,2,316
31530,2,315
44355,2,443
31640,2,316
25944,2,259
19711,2,197
44118,2,441
19741,2,197
17995,2,179
35628,2,356
35442,2,354
9346,2,93
8973,2,89
9020,2,90
9064,2,90
8660,2,86
8987,2,89
44253,2,442
31649,2,316
8267,2,82
16658,2,166
35448,2,354
9402,2,94
27293,2,272
8612,2,86
31416,2,314
8624,2,86
8674,2,86
9042,2,90
44892,2,448
9055,2,90
12640,2,126
18604,2,186
18963,2,189
27301,2,273
27326,2,273
40344,2,403
4591,2,45
4947,2,49
16536,2,165
40255,2,402
4401,2,44
27341,2,273
27287,2,272
27173,2,271
13480,2,134
18962,2,189
17203,1,172
35497,1,354
19883,1,198
46352,1,463
17346,1,173
17214,1,172
16421,1,164
8505,1,85
8310,1,83
8628,1,86
31277,1,312
31459,1,314
8270,1,82
8269,1,82
8214,1,82
44908,1,449
44992,1,449
8387,1,83
9117,1,91
44232,1,442
44283,1,442
9392,1,93
31344,1,313
8430,1,84
46366,1,463
35768,1,357
44853,1,448
9159,1,91
9170,1,91
44092,1,440
44800,1,448
44803,1,448
35035,1,350
18004,1,180
18317,1,183
35630,1,356
19733,1,197
19830,1,198
18763,1,187
46548,1,465
46740,1,467
46649,1,466
12592,1,125
4120,1,41
4962,1,49
4974,1,49
4972,1,49
4695,1,46
26668,1,266
27526,1,275
5274,1,52
38791,1,387
27207,1,272
38814,1,388
40292,1,402
40258,1,402
4961,1,49
4530,1,45
4536,1,45
12664,1,126
19058,1,190
4122,1,41
27225,1,272
38800,1,388
45538,1,455
12575,1,125
27364,1,273
40819,1,408
4221,1,42
4510,1,45
27308,1,273
4886,1,48
19096,1,190
12370,1,123
46976,1,469
47002,1,470
19035,1,190
21976,1,219
4853,1,48
5036,1,50
5144,1,51
5121,1,51
38853,1,388
27620,1,276
27593,1,275
27644,1,276
5120,1,51
38851,1,388
4226,1,42
4992,1,49
21885,1,218
46732,1,467
46721,1,467
5327,1,53
38682,1,386
5133,1,51
4098,1,40
4159,1,41
4325,1,43
4300,1,43
21879,1,218
5088,1,50
5009,1,50
4681,1,46
27464,1,274
19081,1,190
12681,1,126
49011,1,490
47007,1,470
6293,1,62
37393,1,373
22297,1,222
27108,1,271
26741,1,267
27010,1,270
38320,1,383
28301,1,283
27043,1,270
38687,1,386
5148,1,51
22355,1,223
48503,1,485
48473,1,484
19027,1,190
46709,1,467
5409,1,54
26705,1,267
5387,1,53
21981,1,219
21968,1,219
4262,1,42
4848,1,48
4824,1,48
6260,1,62
4648,1,46
21806,1,218
49100,1,491
49092,1,490
49095,1,490
19108,1,191
28225,1,282
28575,1,285
24758,1,247
27830,1,278
27077,1,270
27133,1,271
28215,1,282
28378,1,283
25300,1,253
26930,1,269
26931,1,269
26892,1,268
39009,1,390
39084,1,390
39474,1,394
13457,1,134
18580,1,185
46996,1,469
27090,1,270
27076,1,270
6253,1,62
6175,1,61
4769,1,47
39449,1,394
39486,1,394
37390,1,373
37554,1,375
37529,1,375
25368,1,253
28514,1,285
24825,1,248
28565,1,285
28608,1,286
24757,1,247
26967,1,269
28246,1,282
33140,1,331
46257,1,462
45955,1,459
12424,1,124
24773,1,247
28469,1,284
28515,1,285
25003,1,250
26950,1,269
34120,1,341
34069,1,340
33794,1,337
33884,1,338
20999,1,209
20652,1,206
34192,1,341
28553,1,285
26983,1,269
47455,1,474
46018,1,460
45881,1,458
30045,1,300
46055,1,460
49097,1,490
28047,1,280
27750,1,277
27768,1,277
28519,1,285
28043,1,280
12450,1,124
34812,1,348
22635,1,226
45521,1,455
23310,1,233
29777,1,297
26253,1,262
28532,1,285
10792,1,107
24986,1,249
28541,1,285
22973,1,229
34032,1,340
23326,1,233
34036,1,340
13319,1,133
13522,1,135
13422,1,134
13420,1,134
49048,1,490
30021,1,300
19398,1,193
46861,1,468
22917,1,229
33127,1,331
21037,1,210
22975,1,229
43670,1,436
28055,1,280
47190,1,471
48687,1,486
23060,1,230
23165,1,231
36173,1,361
34314,1,343
45766,1,457
26114,1,261
27928,1,279
43714,1,437
25081,1,250
26363,1,263
26355,1,263
27964,1,279
18825,1,188
45362,1,453
46281,1,462
17061,1,170
45367,1,453
46212,1,462
46123,1,461
47228,1,472
33952,1,339
36182,1,361
33230,1,332
33253,1,332
33231,1,332
34327,1,343
23485,1,234
23476,1,234
48071,1,480
20123,1,201
46295,1,462
35920,1,359
23197,1,231
36132,1,361
34487,1,344
34530,1,345
43584,1,435
26164,1,261
24936,1,249
43725,1,437
26167,1,261
26539,1,265
25054,1,250
47347,1,473
14880,1,148
45752,1,457
26140,1,261
25041,1,250
26309,1,263
25077,1,250
26530,1,265
26220,1,262
23468,1,234
36158,1,361
36341,1,363
36101,1,361
34330,1,343
34403,1,344
34356,1,343
18509,1,185
29664,1,296
32587,1,325
45734,1,457
8874,1,88
26381,1,263
10241,1,102
26614,1,266
26372,1,263
26183,1,261
28029,1,280
26411,1,264
28004,1,280
10424,1,104
26132,1,261
25764,1,257
28031,1,280
33656,1,336
20201,1,202
20015,1,200
43959,1,439
26414,1,264
10421,1,104
26410,1,264
26182,1,261
36229,1,362
36137,1,361
35930,1,359
23169,1,231
23194,1,231
23179,1,231
23206,1,232
33632,1,336
26581,1,265
10339,1,103
26589,1,265
10340,1,103
43850,1,438
32438,1,324
31105,1,311
32408,1,324
17788,1,177
36780,1,367
33712,1,337
725,1,7
20170,1,201
43851,1,438
43849,1,438
43876,1,438
43927,1,439
32293,1,322
32499,1,324
46191,1,461
36083,1,360
36765,1,367
33778,1,337
17743,1,177
43883,1,438
25845,1,258
43979,1,439
10390,1,103
43814,1,438
43812,1,438
25837,1,258
26406,1,264
8943,1,89
25888,1,258
26093,1,260
43889,1,438
25691,1,256
31146,1,311
9322,1,93
9320,1,93
18715,1,187
18934,1,189
35307,1,353
35072,1,350
9228,1,92
41079,1,410
44699,1,446
26000,1,260
35079,1,350
35120,1,351
46485,1,464
13570,1,135
13568,1,135
18893,1,188
46128,1,461
18881,1,188
32402,1,324
41052,1,410
46480,1,464
46481,1,464
530,1,5
36371,1,363
17857,1,178
35270,1,352
8951,1,89
26066,1,260
41149,1,411
26110,1,261
43458,1,434
25962,1,259
31318,1,313
30778,1,307
9129,1,91
25967,1,259
25952,1,259
8913,1,89
8948,1,89
44743,1,447
26109,1,261
25911,1,259
702,1,7
36543,1,365
17529,1,175
17619,1,176
35258,1,352
20395,1,203
45386,1,453
46195,1,461
9223,1,92
9221,1,92
9315,1,93
9245,1,92
2163,1,21
17841,1,178
647,1,6
2123,1,21
25982,1,259
44357,1,443
30903,1,309
31643,1,316
9397,1,93
31645,1,316
18378,1,183
35034,1,350
25937,1,259
8236,1,82
8993,1,89
25980,1,259
9002,1,90
44258,1,442
9115,1,91
43390,1,433
17410,1,174
2060,1,20
18225,1,182
17117,1,171
17111,1,171
18403,1,184
8428,1,84
8425,1,84
31525,1,315
31743,1,317
2252,1,22
2240,1,22
35597,1,355
18417,1,184
18187,1,181
35833,1,358
16385,1,163
17206,1,172
19660,1,196
17393,1,173
17215,1,172
19468,1,194
20425,1,204
8510,1,85
17971,1,179
18767,1,187
16561,1,165
18776,1,187
19540,1,195
33318,1,333
18781,1,187
18090,1,180
19934,1,199
17577,1,175
16892,1,168
16893,1,168
2216,1,22
16883,1,168
20309,1,203
35391,1,353
44246,1,442
44154,1,441
44508,1,445
31627,1,316
44086,1,440
8299,1,82
33459,1,334
33460,1,334
4572,1,45
27531,1,275
4404,1,44
4377,1,43
4371,1,43
4951,1,49
4364,1,43
4400,1,44
17274,1,172
17226,1,172
18777,1,187
19637,1,196
17184,1,171
17308,1,173
46810,1,468
46833,1,468
16500,1,165
16501,1,165
18078,1,180
20288,1,202
18084,1,180
17365,1,173
33280,1,332
33411,1,334
9730,1,97
44117,1,441
31478,1,314
41068,1,410
8554,1,85
8558,1,85
8316,1,83
19937,1,199
